,Time,Category,Message,Status,Flag,Scope,Sector,RacingNumber,Lap
0,2026-05-03 16:20:01,Flag,GREEN LIGHT - PIT EXIT OPEN,,GREEN,Track,,,1
1,2026-05-03 16:30:01,Other,PIT EXIT CLOSED,,,,,,1
2,2026-05-03 16:34:52,Flag,YELLOW IN TRACK SECTOR 18,,YELLOW,Sector,18.0,,1
3,2026-05-03 16:34:57,Flag,DOUBLE YELLOW IN TRACK SECTOR 18,,DOUBLE YELLOW,Sector,18.0,,1
4,2026-05-03 16:37:28,Flag,CLEAR IN TRACK SECTOR 18,,CLEAR,Sector,18.0,,1
5,2026-05-03 16:37:50,Flag,DOUBLE YELLOW IN TRACK SECTOR 18,,DOUBLE YELLOW,Sector,18.0,,1
6,2026-05-03 16:37:50,Flag,YELLOW IN TRACK SECTOR 18,,YELLOW,Sector,18.0,,1
7,2026-05-03 16:37:53,Flag,CLEAR IN TRACK SECTOR 18,,CLEAR,Sector,18.0,,1
8,2026-05-03 16:37:54,Flag,DOUBLE YELLOW IN TRACK SECTOR 18,,DOUBLE YELLOW,Sector,18.0,,1
9,2026-05-03 16:39:29,Flag,DOUBLE YELLOW IN TRACK SECTOR 17,,DOUBLE YELLOW,Sector,17.0,,1
10,2026-05-03 16:39:48,Flag,CLEAR IN TRACK SECTOR 17,,CLEAR,Sector,17.0,,1
11,2026-05-03 16:43:12,Flag,CLEAR IN TRACK SECTOR 18,,CLEAR,Sector,18.0,,1
12,2026-05-03 16:45:12,Other,RISK OF RAIN FOR THE F1 RACE IS 40%,,,,,,1
13,2026-05-03 16:57:05,Other,OVERTAKE DISABLED,,,,,,1
14,2026-05-03 17:04:03,Flag,GREEN LIGHT - PIT EXIT OPEN,,GREEN,Track,,,1
15,2026-05-03 17:05:27,Other,OVERTAKE ENABLED,,,,,,1
16,2026-05-03 17:07:40,Other,TURN 11 INCIDENT INVOLVING CARS 43 (COL) AND 44 (HAM) NOTED - CAUSING A COLLISION,,,,,,3
17,2026-05-03 17:09:18,Other,FIA STEWARDS: TURN 11 INCIDENT INVOLVING CARS 43 (COL) AND 44 (HAM) REVIEWED NO FURTHER INVESTIGATION - CAUSING A COLLISION,,,,,,4
18,2026-05-03 17:11:46,Flag,DOUBLE YELLOW IN TRACK SECTOR 15,,DOUBLE YELLOW,Sector,15.0,,5
19,2026-05-03 17:12:02,Flag,DOUBLE YELLOW IN TRACK SECTOR 19,,DOUBLE YELLOW,Sector,19.0,,6
20,2026-05-03 17:12:03,Flag,YELLOW IN TRACK SECTOR 14,,YELLOW,Sector,14.0,,6
21,2026-05-03 17:12:04,Flag,YELLOW IN TRACK SECTOR 13,,YELLOW,Sector,13.0,,6
22,2026-05-03 17:12:15,SafetyCar,SAFETY CAR DEPLOYED,DEPLOYED,,,,,6
23,2026-05-03 17:12:15,Other,OVERTAKE DISABLED,,,,,,6
24,2026-05-03 17:12:43,Flag,CLEAR IN TRACK SECTOR 19,,CLEAR,Sector,19.0,,6
25,2026-05-03 17:13:34,Flag,DOUBLE YELLOW IN TRACK SECTOR 18,,DOUBLE YELLOW,Sector,18.0,,6
26,2026-05-03 17:15:00,Other,MARSHALS ON TRACK AT TURN 14,,,,,,7
27,2026-05-03 17:15:45,Other,MARSHALS ON TRACK AT TURN 17,,,,,,7
28,2026-05-03 17:16:06,Other,RECOVERY VEHICLE ON TRACK AT TURN 17,,,,,,7
29,2026-05-03 17:16:39,Flag,DOUBLE YELLOW IN TRACK SECTOR 16,,DOUBLE YELLOW,Sector,16.0,,8
30,2026-05-03 17:16:41,Flag,CLEAR IN TRACK SECTOR 15,,CLEAR,Sector,15.0,,8
31,2026-05-03 17:16:41,Flag,CLEAR IN TRACK SECTOR 16,,CLEAR,Sector,16.0,,8
32,2026-05-03 17:16:42,Flag,DOUBLE YELLOW IN TRACK SECTOR 15,,DOUBLE YELLOW,Sector,15.0,,8
33,2026-05-03 17:16:49,Other,RECOVERY VEHICLE ON TRACK AT TURN 14,,,,,,8
34,2026-05-03 17:17:00,Other,TURN 17 INCIDENT INVOLVING CAR 10 (GAS) NOTED - CAUSING A COLLISION,,,,,,8
35,2026-05-03 17:17:08,Other,FIA STEWARDS: TURN 17 INCIDENT INVOLVING CAR 10 (GAS) UNDER INVESTIGATION - CAUSING A COLLISION,,,,,,8
36,2026-05-03 17:19:18,Other,FIA STEWARDS: UPDATE: TURN 17 INCIDENT INVOLVING CARS 30 (LAW) AND 10 (GAS) UNDER INVESTIGATION - CAUSING A COLLISION,,,,,,9
37,2026-05-03 17:19:35,Flag,DOUBLE YELLOW IN TRACK SECTOR 16,,DOUBLE YELLOW,Sector,16.0,,9
38,2026-05-03 17:19:45,Other,FIA STEWARDS: TURN 17 INCIDENT INVOLVING CARS 30 (LAW) AND 10 (GAS) WILL BE INVESTIGATED AFTER THE RACE - CAUSING A COLLISION,,,,,,9
39,2026-05-03 17:20:37,Other,CAR 81 (PIA) TIME 2:11.907 DELETED - TRACK LIMITS AT TURN 15 LAP 6 13:13:19,,,,,,9
40,2026-05-03 17:20:38,Other,CAR 30 (LAW) LAP DELETED - TRACK LIMITS AT TURN 15 LAP 6 13:14:05 (PIT),,,,,,9
41,2026-05-03 17:21:40,Flag,CLEAR IN TRACK SECTOR 18,,CLEAR,Sector,18.0,,10
42,2026-05-03 17:21:41,Flag,CLEAR IN TRACK SECTOR 19,,CLEAR,Sector,19.0,,10
43,2026-05-03 17:22:20,Flag,CLEAR IN TRACK SECTOR 13,,CLEAR,Sector,13.0,,10
44,2026-05-03 17:22:21,Flag,YELLOW IN TRACK SECTOR 13,,YELLOW,Sector,13.0,,10
45,2026-05-03 17:22:23,Flag,CLEAR IN TRACK SECTOR 14,,CLEAR,Sector,14.0,,10
46,2026-05-03 17:22:23,Flag,CLEAR IN TRACK SECTOR 13,,CLEAR,Sector,13.0,,10
47,2026-05-03 17:22:44,Flag,CLEAR IN TRACK SECTOR 15,,CLEAR,Sector,15.0,,10
48,2026-05-03 17:22:44,Flag,CLEAR IN TRACK SECTOR 16,,CLEAR,Sector,16.0,,10
49,2026-05-03 17:22:44,Flag,DOUBLE YELLOW IN TRACK SECTOR 15,,DOUBLE YELLOW,Sector,15.0,,10
50,2026-05-03 17:23:29,Flag,DOUBLE YELLOW IN TRACK SECTOR 16,,DOUBLE YELLOW,Sector,16.0,,10
51,2026-05-03 17:23:47,Flag,CLEAR IN TRACK SECTOR 15,,CLEAR,Sector,15.0,,11
52,2026-05-03 17:23:47,Flag,CLEAR IN TRACK SECTOR 16,,CLEAR,Sector,16.0,,11
53,2026-05-03 17:23:48,Flag,DOUBLE YELLOW IN TRACK SECTOR 15,,DOUBLE YELLOW,Sector,15.0,,11
54,2026-05-03 17:24:00,Flag,CLEAR IN TRACK SECTOR 15,,CLEAR,Sector,15.0,,11
55,2026-05-03 17:24:01,Flag,DOUBLE YELLOW IN TRACK SECTOR 15,,DOUBLE YELLOW,Sector,15.0,,11
56,2026-05-03 17:24:04,Flag,CLEAR IN TRACK SECTOR 15,,CLEAR,Sector,15.0,,11
57,2026-05-03 17:24:07,SafetyCar,SAFETY CAR IN THIS LAP,IN THIS LAP,,,,,11
58,2026-05-03 17:25:33,Flag,TRACK CLEAR,,CLEAR,Track,,,11
59,2026-05-03 17:26:21,Other,OVERTAKE ENABLED,,,,,,12
60,2026-05-03 17:27:32,Other,TRACK SURFACE SLIPPERY IN TRACK SECTOR 14,,,,,,12
61,2026-05-03 17:28:47,Flag,CLEAR IN TRACK SECTOR 14,,CLEAR,Sector,14.0,,13
62,2026-05-03 17:29:51,Other,TURN 11 INCIDENT INVOLVING CARS 41 (LIN) AND 11 (PER) NOTED - FORCING ANOTHER DRIVER OFF THE TRACK,,,,,,14
63,2026-05-03 17:29:59,Other,CAR 11 (PER) TIME 1:36.951 DELETED - TRACK LIMITS AT TURN 11 LAP 12 13:27:01,,,,,,14
64,2026-05-03 17:32:23,Other,FIA STEWARDS: TURN 11 INCIDENT INVOLVING CARS 41 (LIN) AND 11 (PER) REVIEWED NO FURTHER INVESTIGATION - FORCING ANOTHER DRIVER OFF THE TRACK,,,,,,16
65,2026-05-03 17:32:29,Flag,YELLOW IN TRACK SECTOR 19,,YELLOW,Sector,19.0,,16
66,2026-05-03 17:32:33,Flag,CLEAR IN TRACK SECTOR 19,,CLEAR,Sector,19.0,,16
67,2026-05-03 17:33:10,Other,INCIDENT INVOLVING CAR 3 (VER) NOTED - FAILING TO FOLLOW RACE DIRECTORS INSTRUCTIONS – CROSSING THE LINE AT PIT EXIT,,,,,,16
68,2026-05-03 17:34:04,Other,INCIDENT INVOLVING CAR 31 (OCO) NOTED - YELLOW FLAG INFRINGEMENT,,,,,,17
69,2026-05-03 17:34:12,Other,INCIDENT INVOLVING CAR 23 (ALB) NOTED - YELLOW FLAG INFRINGEMENT,,,,,,17
70,2026-05-03 17:34:23,Other,INCIDENT INVOLVING CAR 14 (ALO) NOTED - YELLOW FLAG INFRINGEMENT,,,,,,17
71,2026-05-03 17:35:19,Other,CAR 18 (STR) TIME 1:40.953 DELETED - TRACK LIMITS AT TURN 17 LAP 15 13:32:27,,,,,,17
72,2026-05-03 17:37:01,Other,CAR 18 (STR) TIME 1:36.371 DELETED - TRACK LIMITS AT TURN 5 LAP 17 13:34:39,,,,,,19
73,2026-05-03 17:38:32,Other,FIA STEWARDS: INCIDENT INVOLVING CAR 3 (VER) WILL BE INVESTIGATED AFTER THE RACE - FAILING TO FOLLOW RACE DIRECTORS INSTRUCTIONS – CROSSING THE LINE AT PIT EXIT,,,,,,20
74,2026-05-03 17:40:21,Other,TURN 18 INCIDENT INVOLVING CARS 23 (ALB) AND 3 (VER) NOTED,,,,,,21
75,2026-05-03 17:41:01,Other,CAR 12 (ANT) TIME 1:33.345 DELETED - TRACK LIMITS AT TURN 5 LAP 19 13:37:17,,,,,,21
76,2026-05-03 17:42:48,Other,FIA STEWARDS: TURN 18 INCIDENT INVOLVING CARS 23 (ALB) AND 3 (VER) REVIEWED NO FURTHER INVESTIGATION,,,,,,22
77,2026-05-03 17:46:48,Other,CAR 14 (ALO) TIME 1:36.386 DELETED - TRACK LIMITS AT TURN 5 LAP 23 13:44:15,,,,,,25
78,2026-05-03 17:48:37,Other,TRACK SURFACE SLIPPERY IN TRACK SECTOR 15,,,,,,26
79,2026-05-03 17:48:41,Flag,CLEAR IN TRACK SECTOR 15,,CLEAR,Sector,15.0,,26
80,2026-05-03 17:49:08,Other,INCIDENT INVOLVING CAR 77 (BOT) NOTED - SPEEDING IN THE PIT LANE,,,,,,26
81,2026-05-03 17:51:07,Other,FIA STEWARDS: INCIDENT INVOLVING CAR 77 (BOT) UNDER INVESTIGATION - SPEEDING IN THE PIT LANE,,,,,,28
82,2026-05-03 17:52:30,Other,FIA STEWARDS: INCIDENT INVOLVING CAR 31 (OCO) WILL BE INVESTIGATED AFTER THE RACE - YELLOW FLAG INFRINGEMENT,,,,,,28
83,2026-05-03 17:52:38,Other,FIA STEWARDS: INCIDENT INVOLVING CAR 23 (ALB) WILL BE INVESTIGATED AFTER THE RACE - YELLOW FLAG INFRINGEMENT,,,,,,28
84,2026-05-03 17:52:53,Other,FIA STEWARDS: INCIDENT INVOLVING CAR 14 (ALO) WILL BE INVESTIGATED AFTER THE RACE - YELLOW FLAG INFRINGEMENT,,,,,,29
85,2026-05-03 17:55:11,Other,FIA STEWARDS: DRIVE THROUGH PENALTY FOR CAR 77 (BOT) - SPEEDING IN THE PIT LANE,,,,,,30
86,2026-05-03 17:57:34,Flag,WAVED BLUE FLAG FOR CAR 77 (BOT) TIMED AT 13:57:34,,BLUE,Driver,,77,32
87,2026-05-03 17:59:29,Other,CAR 14 (ALO) TIME 1:36.080 DELETED - TRACK LIMITS AT TURN 5 LAP 29 13:53:53,,,,,,33
88,2026-05-03 17:59:39,Other,FIA STEWARDS: PENALTY SERVED - DRIVE THROUGH PENALTY FOR CAR 77 (BOT) - SPEEDING IN THE PIT LANE,,,,,,33
89,2026-05-03 17:59:51,Flag,WAVED BLUE FLAG FOR CAR 77 (BOT) TIMED AT 13:59:50,,BLUE,Driver,,77,33
90,2026-05-03 18:00:10,Flag,WAVED BLUE FLAG FOR CAR 77 (BOT) TIMED AT 14:00:09,,BLUE,Driver,,77,33
91,2026-05-03 18:02:09,Flag,WAVED BLUE FLAG FOR CAR 77 (BOT) TIMED AT 14:02:09,,BLUE,Driver,,77,35
92,2026-05-03 18:03:58,Other,FIA STEWARDS: INCIDENT INVOLVING CAR 31 (OCO) NO FURTHER ACTION - YELLOW FLAG INFRINGEMENT,,,,,,36
93,2026-05-03 18:04:03,Other,FIA STEWARDS: INCIDENT INVOLVING CAR 23 (ALB) NO FURTHER ACTION - YELLOW FLAG INFRINGEMENT,,,,,,36
94,2026-05-03 18:04:10,Other,FIA STEWARDS: INCIDENT INVOLVING CAR 14 (ALO) NO FURTHER ACTION - YELLOW FLAG INFRINGEMENT,,,,,,36
95,2026-05-03 18:04:13,Flag,WAVED BLUE FLAG FOR CAR 18 (STR) TIMED AT 14:04:12,,BLUE,Driver,,18,36
96,2026-05-03 18:05:58,Flag,WAVED BLUE FLAG FOR CAR 11 (PER) TIMED AT 14:05:58,,BLUE,Driver,,11,37
97,2026-05-03 18:06:14,Flag,WAVED BLUE FLAG FOR CAR 77 (BOT) TIMED AT 14:06:13,,BLUE,Driver,,77,37
98,2026-05-03 18:06:17,Flag,WAVED BLUE FLAG FOR CAR 11 (PER) TIMED AT 14:06:16,,BLUE,Driver,,11,37
99,2026-05-03 18:08:45,Flag,WAVED BLUE FLAG FOR CAR 18 (STR) TIMED AT 14:08:45,,BLUE,Driver,,18,39
100,2026-05-03 18:09:59,Flag,WAVED BLUE FLAG FOR CAR 77 (BOT) TIMED AT 14:09:58,,BLUE,Driver,,77,40
101,2026-05-03 18:10:53,Flag,WAVED BLUE FLAG FOR CAR 14 (ALO) TIMED AT 14:10:53,,BLUE,Driver,,14,40
102,2026-05-03 18:12:03,Flag,WAVED BLUE FLAG FOR CAR 77 (BOT) TIMED AT 14:12:02,,BLUE,Driver,,77,41
103,2026-05-03 18:12:10,Flag,WAVED BLUE FLAG FOR CAR 11 (PER) TIMED AT 14:12:09,,BLUE,Driver,,11,41
104,2026-05-03 18:12:10,Flag,WAVED BLUE FLAG FOR CAR 77 (BOT) TIMED AT 14:12:09,,BLUE,Driver,,77,41
105,2026-05-03 18:12:29,Flag,WAVED BLUE FLAG FOR CAR 77 (BOT) TIMED AT 14:12:29,,BLUE,Driver,,77,41
106,2026-05-03 18:13:56,Flag,WAVED BLUE FLAG FOR CAR 11 (PER) TIMED AT 14:13:55,,BLUE,Driver,,11,42
107,2026-05-03 18:14:45,Other,CAR 1 (NOR) TIME 1:32.662 DELETED - TRACK LIMITS AT TURN 5 LAP 42 14:13:06,,,,,,43
108,2026-05-03 18:15:00,Flag,WAVED BLUE FLAG FOR CAR 11 (PER) TIMED AT 14:14:59,,BLUE,Driver,,11,43
109,2026-05-03 18:15:29,Flag,BLACK AND WHITE FLAG FOR CAR 77 (BOT) - IGNORING BLUE FLAGS,,BLACK AND WHITE,Driver,,77,43
110,2026-05-03 18:16:09,Flag,WAVED BLUE FLAG FOR CAR 77 (BOT) TIMED AT 14:16:09,,BLUE,Driver,,77,44
111,2026-05-03 18:16:57,Flag,WAVED BLUE FLAG FOR CAR 11 (PER) TIMED AT 14:16:57,,BLUE,Driver,,11,44
112,2026-05-03 18:17:09,Flag,WAVED BLUE FLAG FOR CAR 41 (LIN) TIMED AT 14:17:08,,BLUE,Driver,,41,44
113,2026-05-03 18:17:10,Flag,WAVED BLUE FLAG FOR CAR 14 (ALO) TIMED AT 14:17:10,,BLUE,Driver,,14,44
114,2026-05-03 18:17:32,Flag,WAVED BLUE FLAG FOR CAR 41 (LIN) TIMED AT 14:17:31,,BLUE,Driver,,41,45
115,2026-05-03 18:17:54,Flag,WAVED BLUE FLAG FOR CAR 18 (STR) TIMED AT 14:17:54,,BLUE,Driver,,18,45
116,2026-05-03 18:18:11,Flag,WAVED BLUE FLAG FOR CAR 18 (STR) TIMED AT 14:18:10,,BLUE,Driver,,18,45
117,2026-05-03 18:19:27,Other,CAR 12 (ANT) TIME 1:32.399 DELETED - TRACK LIMITS AT TURN 11 LAP 45 14:18:11,,,,,,46
118,2026-05-03 18:19:41,Flag,WAVED BLUE FLAG FOR CAR 11 (PER) TIMED AT 14:19:41,,BLUE,Driver,,11,46
119,2026-05-03 18:20:49,Flag,WAVED BLUE FLAG FOR CAR 77 (BOT) TIMED AT 14:20:48,,BLUE,Driver,,77,47
120,2026-05-03 18:21:51,Other,CAR 14 (ALO) TIME 1:33.512 DELETED - TRACK LIMITS AT TURN 5 LAP 44 14:18:17,,,,,,47
121,2026-05-03 18:22:10,Flag,BLACK AND WHITE FLAG FOR CAR 14 (ALO) - TRACK LIMITS,,BLACK AND WHITE,Driver,,14,48
122,2026-05-03 18:22:29,Flag,YELLOW IN TRACK SECTOR 19,,YELLOW,Sector,19.0,,48
123,2026-05-03 18:22:32,Flag,CLEAR IN TRACK SECTOR 19,,CLEAR,Sector,19.0,,48
124,2026-05-03 18:23:10,Flag,WAVED BLUE FLAG FOR CAR 77 (BOT) TIMED AT 14:23:10,,BLUE,Driver,,77,48
125,2026-05-03 18:23:29,Other,CAR 87 (BEA) TIME 1:37.535 DELETED - TRACK LIMITS AT TURN 7 LAP 47 14:22:07,,,,,,48
126,2026-05-03 18:24:32,Other,CAR 14 (ALO) TIME 1:36.389 DELETED - TRACK LIMITS AT TURN 17 LAP 46 14:22:30,,,,,,49
127,2026-05-03 18:26:44,Flag,WAVED BLUE FLAG FOR CAR 14 (ALO) TIMED AT 14:26:44,,BLUE,Driver,,14,51
128,2026-05-03 18:26:52,Flag,WAVED BLUE FLAG FOR CAR 77 (BOT) TIMED AT 14:26:51,,BLUE,Driver,,77,51
129,2026-05-03 18:27:13,Flag,WAVED BLUE FLAG FOR CAR 31 (OCO) TIMED AT 14:27:12,,BLUE,Driver,,31,51
130,2026-05-03 18:27:14,Flag,WAVED BLUE FLAG FOR CAR 77 (BOT) TIMED AT 14:27:14,,BLUE,Driver,,77,51
131,2026-05-03 18:27:16,Flag,WAVED BLUE FLAG FOR CAR 11 (PER) TIMED AT 14:27:15,,BLUE,Driver,,11,51
132,2026-05-03 18:27:43,Flag,WAVED BLUE FLAG FOR CAR 31 (OCO) TIMED AT 14:27:43,,BLUE,Driver,,31,51
133,2026-05-03 18:27:49,Flag,WAVED BLUE FLAG FOR CAR 77 (BOT) TIMED AT 14:27:48,,BLUE,Driver,,77,51
134,2026-05-03 18:28:12,Flag,WAVED BLUE FLAG FOR CAR 5 (BOR) TIMED AT 14:28:12,,BLUE,Driver,,5,52
135,2026-05-03 18:28:27,Flag,WAVED BLUE FLAG FOR CAR 77 (BOT) TIMED AT 14:28:27,,BLUE,Driver,,77,52
136,2026-05-03 18:28:34,Flag,WAVED BLUE FLAG FOR CAR 77 (BOT) TIMED AT 14:28:34,,BLUE,Driver,,77,52
137,2026-05-03 18:29:20,Flag,WAVED BLUE FLAG FOR CAR 5 (BOR) TIMED AT 14:29:20,,BLUE,Driver,,5,52
138,2026-05-03 18:31:25,Flag,WAVED BLUE FLAG FOR CAR 41 (LIN) TIMED AT 14:31:24,,BLUE,Driver,,41,54
139,2026-05-03 18:31:41,Flag,WAVED BLUE FLAG FOR CAR 41 (LIN) TIMED AT 14:31:41,,BLUE,Driver,,41,54
140,2026-05-03 18:31:57,Flag,WAVED BLUE FLAG FOR CAR 41 (LIN) TIMED AT 14:31:57,,BLUE,Driver,,41,54
141,2026-05-03 18:32:02,Flag,WAVED BLUE FLAG FOR CAR 77 (BOT) TIMED AT 14:32:02,,BLUE,Driver,,77,54
142,2026-05-03 18:32:11,Flag,WAVED BLUE FLAG FOR CAR 77 (BOT) TIMED AT 14:32:11,,BLUE,Driver,,77,54
143,2026-05-03 18:32:13,Flag,WAVED BLUE FLAG FOR CAR 41 (LIN) TIMED AT 14:32:12,,BLUE,Driver,,41,54
144,2026-05-03 18:33:01,Flag,WAVED BLUE FLAG FOR CAR 87 (BEA) TIMED AT 14:33:01,,BLUE,Driver,,87,55
145,2026-05-03 18:34:12,Flag,WAVED BLUE FLAG FOR CAR 87 (BEA) TIMED AT 14:34:11,,BLUE,Driver,,87,55
146,2026-05-03 18:35:24,Flag,WAVED BLUE FLAG FOR CAR 18 (STR) TIMED AT 14:35:23,,BLUE,Driver,,18,56
147,2026-05-03 18:36:20,Flag,WAVED BLUE FLAG FOR CAR 18 (STR) TIMED AT 14:36:20,,BLUE,Driver,,18,57
148,2026-05-03 18:36:32,Flag,DOUBLE YELLOW IN TRACK SECTOR 4,,DOUBLE YELLOW,Sector,4.0,,57
149,2026-05-03 18:36:33,Flag,YELLOW IN TRACK SECTOR 4,,YELLOW,Sector,4.0,,57
150,2026-05-03 18:36:37,Flag,CLEAR IN TRACK SECTOR 4,,CLEAR,Sector,4.0,,57
151,2026-05-03 18:36:39,Flag,WAVED BLUE FLAG FOR CAR 77 (BOT) TIMED AT 14:36:38,,BLUE,Driver,,77,57
152,2026-05-03 18:36:47,Flag,WAVED BLUE FLAG FOR CAR 18 (STR) TIMED AT 14:36:47,,BLUE,Driver,,18,57
153,2026-05-03 18:36:51,Flag,WAVED BLUE FLAG FOR CAR 41 (LIN) TIMED AT 14:36:51,,BLUE,Driver,,41,57
154,2026-05-03 18:37:21,Flag,CHEQUERED FLAG,,CHEQUERED,Track,,,57
155,2026-05-03 18:37:28,Flag,WAVED BLUE FLAG FOR CAR 41 (LIN) TIMED AT 14:37:27,,BLUE,Driver,,41,57
156,2026-05-03 18:37:51,Flag,WAVED BLUE FLAG FOR CAR 41 (LIN) TIMED AT 14:37:51,,BLUE,Driver,,41,57
157,2026-05-03 18:38:18,Other,CAR 16 (LEC) TIME 1:49.834 DELETED - TRACK LIMITS AT TURN 8 LAP 57 14:36:53,,,,,,57
158,2026-05-03 18:38:55,Other,ALL PASS HOLDERS MAY ACCESS THE PIT LANE,,,,,,57
159,2026-05-03 18:38:58,Other,CAR 16 (LEC) TIME 1:49.834 DELETED - TRACK LIMITS AT TURN 6 LAP 57 14:36:46,,,,,,57
160,2026-05-03 18:41:25,Flag,YELLOW IN TRACK SECTOR 15,,YELLOW,Sector,15.0,,57
161,2026-05-03 18:41:25,Flag,YELLOW IN TRACK SECTOR 16,,YELLOW,Sector,16.0,,57
162,2026-05-03 18:44:04,Flag,DOUBLE YELLOW IN TRACK SECTOR 15,,DOUBLE YELLOW,Sector,15.0,,57
163,2026-05-03 18:44:04,Flag,DOUBLE YELLOW IN TRACK SECTOR 16,,DOUBLE YELLOW,Sector,16.0,,57
164,2026-05-03 18:44:15,Other,TURN 17 INCIDENT INVOLVING CAR 63 (RUS) NOTED - MOVING UNDER BRAKING,,,,,,57
165,2026-05-03 18:47:41,Other,TURN 1 INCIDENT INVOLVING CARS 3 (VER) AND 63 (RUS) NOTED - CAUSING A COLLISION,,,,,,57
166,2026-05-03 18:49:32,Other,TURN 17 INCIDENT INVOLVING CARS 16 (LEC) AND 63 (RUS) NOTED - CAUSING A COLLISION,,,,,,57
167,2026-05-03 18:49:37,Other,CAR 16 (LEC) TIME 1:49.834 DELETED - TRACK LIMITS AT TURN 15 LAP 57 14:37:31,,,,,,57
168,2026-05-03 18:49:38,Other,CAR 16 (LEC) TIME 1:49.834 DELETED - TRACK LIMITS AT TURN 7 LAP 57 14:36:54,,,,,,57
169,2026-05-03 18:51:10,Other,INCIDENT INVOLVING CAR 16 (LEC) NOTED - LEAVING THE TRACK MULTIPLE TIMES AND GAINING AN ADVANTAGE,,,,,,57
170,2026-05-03 18:51:34,Other,FIA STEWARDS: INCIDENT INVOLVING CAR 16 (LEC) WILL BE INVESTIGATED AFTER THE RACE - LEAVING THE TRACK MULTIPLE TIMES AND GAINING AN ADVANTAGE,,,,,,57
171,2026-05-03 18:53:21,Other,FIA STEWARDS: TURN 17 INCIDENT INVOLVING CAR 63 (RUS) REVIEWED NO FURTHER INVESTIGATION - MOVING UNDER BRAKING,,,,,,57
172,2026-05-03 18:53:31,Other,FIA STEWARDS: TURN 1 INCIDENT INVOLVING CARS 3 (VER) AND 63 (RUS) WILL BE INVESTIGATED AFTER THE RACE - CAUSING A COLLISION,,,,,,57
173,2026-05-03 18:53:36,Other,FIA STEWARDS: TURN 17 INCIDENT INVOLVING CARS 16 (LEC) AND 63 (RUS) WILL BE INVESTIGATED AFTER THE RACE - CAUSING A COLLISION,,,,,,57
174,2026-05-03 18:55:19,Other,INCIDENT INVOLVING CAR 16 (LEC) NOTED - UNSAFE CONDITION,,,,,,57
175,2026-05-03 18:55:35,Other,FIA STEWARDS: INCIDENT INVOLVING CAR 16 (LEC) WILL BE INVESTIGATED AFTER THE RACE - UNSAFE CONDITION,,,,,,57
